{
	"pages": [
		{
			"path": "pages/index/index",
			"style": {
				// #ifdef MP 
				"navigationBarTitleText": "机场旅客服务",
				// #endif 
				"app-plus": {
					"titleNView": {
						"type": "transparent"
					}
				}
			}
		},
		{
			"path": "pages/order/order",
			"style": {
				"navigationBarTitleText": "我的订单",
				"app-plus": {
					"bounce": "none"
				}
			}
		}, 
		{
			"path": "pages/order/createorder",
			"style": {
				"navigationBarTitleText": "创建订单"
			}
		},
		{
			"path": "pages/money/money",
			"style": {}
		}, 
		{
			"path": "pages/money/pay",
			"style": {
				"navigationBarTitleText": "支付"
			}
		},
		{
			"path": "pages/money/paySuccess",
			"style": {
				"navigationBarTitleText": "支付成功"
			}
		},
		{
			"path": "pages/login/login",
			"style": {
				"navigationBarTitleText": "登录",
				"navigationStyle": "custom",
				"app-plus": {
					"titleNView": false,
					"animationType": "slide-in-bottom"
				}
			}
		}, 
		{
			"path": "pages/register/register",
			"style": {
				"navigationBarTitleText": "注册"
			}
		}, 
		{
			"path": "pages/usercenter/usercenter",
			"style": {
				"navigationBarTitleText": "个人中心",
				// #ifdef MP
				"navigationStyle": "custom",
				// #endif
				"app-plus": {
					"bounce": "none",
					"titleNView": {
						"type": "transparent"
					}
				}
			}
		}, 
        {
            "path" : "pages/transfer/transfer",
            "style" : {
				"navigationBarTitleText": "中转",
				"app-plus": {
					"bounce": "none"
				}
			}
        },
		{
		    "path" : "pages/detail/detail",
		    "style" : {
				"navigationBarTitleText": "",
				"app-plus": {
					"bounce": "none"
				}
			}
		},
		{
		    "path" : "pages/set/set",
		    "style" : {
				"navigationBarTitleText": "",
				"app-plus": {
					"bounce": "none"
				}
			}
		}
    ],
	"globalStyle": {
		"navigationBarTextStyle": "black",
		"navigationBarTitleText": "uni-app",
		"navigationBarBackgroundColor": "#FFFFFF",
		"backgroundColor": "#f8f8f8"
	},
	"tabBar": {
		"color": "#C0C4CC",
		"selectedColor": "#fa436a",
		"borderStyle": "black",
		"backgroundColor": "#ffffff",
		"list": [{
				"pagePath": "pages/index/index",
				"iconPath": "static/tab-home.png",
				"selectedIconPath": "static/tab-home-current.png",
				"text": "首页"
			},
			{
				"pagePath": "pages/order/order",
				"iconPath": "static/tab-cart.png",
				"selectedIconPath": "static/tab-cart-current.png",
				"text": "订单"
			},
			{
				"pagePath": "pages/usercenter/usercenter",
				"iconPath": "static/tab-my.png",
				"selectedIconPath": "static/tab-my-current.png",
				"text": "个人中心"
			}
		]
	}
}
